-- MySQL dump 10.13  Distrib 8.0.26, for Linux (x86_64)
--
-- Host: 127.0.0.1    Database: Pokemon
-- ------------------------------------------------------
-- Server version	8.0.26-google

/*!40101 SET @OLD_CHARACTER_SET_CLIENT=@@CHARACTER_SET_CLIENT */;
/*!40101 SET @OLD_CHARACTER_SET_RESULTS=@@CHARACTER_SET_RESULTS */;
/*!40101 SET @OLD_COLLATION_CONNECTION=@@COLLATION_CONNECTION */;
/*!50503 SET NAMES utf8mb4 */;
/*!40103 SET @OLD_TIME_ZONE=@@TIME_ZONE */;
/*!40103 SET TIME_ZONE='+00:00' */;
/*!40014 SET @OLD_UNIQUE_CHECKS=@@UNIQUE_CHECKS, UNIQUE_CHECKS=0 */;
/*!40014 SET @OLD_FOREIGN_KEY_CHECKS=@@FOREIGN_KEY_CHECKS, FOREIGN_KEY_CHECKS=0 */;
/*!40101 SET @OLD_SQL_MODE=@@SQL_MODE, SQL_MODE='NO_AUTO_VALUE_ON_ZERO' */;
/*!40111 SET @OLD_SQL_NOTES=@@SQL_NOTES, SQL_NOTES=0 */;

--
-- Current Database: `Pokemon`
--

CREATE DATABASE /*!32312 IF NOT EXISTS*/ `Pokemon` /*!40100 DEFAULT CHARACTER SET utf8 */ /*!80016 DEFAULT ENCRYPTION='N' */;

USE `Pokemon`;

--
-- Table structure for table `belongsTo`
--

DROP TABLE IF EXISTS `belongsTo`;
/*!40101 SET @saved_cs_client     = @@character_set_client */;
/*!50503 SET character_set_client = utf8mb4 */;
CREATE TABLE `belongsTo` (
  `trainerID` int NOT NULL,
  `gym_name` varchar(255) DEFAULT NULL,
  PRIMARY KEY (`trainerID`)
) ENGINE=InnoDB DEFAULT CHARSET=utf8mb3;
/*!40101 SET character_set_client = @saved_cs_client */;

--
-- Dumping data for table `belongsTo`
--

LOCK TABLES `belongsTo` WRITE;
/*!40000 ALTER TABLE `belongsTo` DISABLE KEYS */;
INSERT INTO `belongsTo` VALUES (1,'B\r'),(2,'C\r'),(3,'C\r'),(4,'C\r'),(5,'D\r'),(6,'B\r'),(7,'D\r'),(8,'B\r'),(9,'C\r'),(10,'A\r'),(11,'B\r'),(12,'C\r'),(13,'C\r'),(14,'D\r'),(15,'C\r'),(16,'A\r'),(17,'A\r'),(18,'D\r'),(19,'B\r'),(20,'D\r'),(21,'C\r'),(22,'A\r'),(23,'B\r'),(24,'A\r'),(25,'C\r'),(26,'A\r'),(27,'B\r'),(28,'B\r'),(29,'B\r'),(30,'D\r'),(31,'D\r'),(32,'A\r'),(33,'B\r'),(34,'C\r'),(35,'B\r'),(36,'A\r'),(37,'A\r'),(38,'A\r'),(39,'C\r'),(40,'C\r'),(41,'A\r'),(42,'A\r'),(43,'C\r'),(44,'B\r'),(45,'D\r'),(46,'D\r'),(47,'D\r'),(48,'D\r'),(49,'A\r'),(50,'D\r'),(51,'B\r'),(52,'A\r'),(53,'D\r'),(54,'A\r'),(55,'A\r'),(56,'D\r'),(57,'A\r'),(58,'C\r'),(59,'A\r'),(60,'C\r'),(61,'C\r'),(62,'D\r'),(63,'A\r'),(64,'C\r'),(65,'D\r'),(66,'A\r'),(67,'B\r'),(68,'D\r'),(69,'C\r'),(70,'A\r'),(71,'C\r'),(72,'A\r'),(73,'A\r'),(74,'B\r'),(75,'B\r'),(76,'A\r'),(77,'D\r'),(78,'C\r'),(79,'C\r'),(80,'A\r'),(81,'B\r'),(82,'A\r'),(83,'C\r'),(84,'B\r'),(85,'B\r'),(86,'A\r'),(87,'D\r'),(88,'B\r'),(89,'D\r'),(90,'A\r'),(91,'B\r'),(92,'B\r'),(93,'A\r'),(94,'B\r'),(95,'C\r'),(96,'C\r'),(97,'C\r'),(98,'C\r'),(99,'C\r');
/*!40000 ALTER TABLE `belongsTo` ENABLE KEYS */;
UNLOCK TABLES;

--
-- Table structure for table `is_from`
--

DROP TABLE IF EXISTS `is_from`;
/*!40101 SET @saved_cs_client     = @@character_set_client */;
/*!50503 SET character_set_client = utf8mb4 */;
CREATE TABLE `is_from` (
  `trainerID` int NOT NULL,
  `regionID` int NOT NULL,
  PRIMARY KEY (`trainerID`,`regionID`)
) ENGINE=InnoDB DEFAULT CHARSET=utf8mb3;
/*!40101 SET character_set_client = @saved_cs_client */;

--
-- Dumping data for table `is_from`
--

LOCK TABLES `is_from` WRITE;
/*!40000 ALTER TABLE `is_from` DISABLE KEYS */;
INSERT INTO `is_from` VALUES (0,0),(0,2),(1,1),(2,1),(3,0),(4,3),(5,0),(6,1),(7,2),(8,2),(9,3),(10,1),(11,0),(12,3),(13,3),(14,0),(15,0),(16,3),(17,0),(18,0),(19,0),(20,0),(21,2),(22,0),(23,1),(24,2),(25,3),(26,1),(27,2),(28,2),(29,0),(30,3),(31,1),(32,3),(33,3),(34,3),(35,0),(36,1),(37,3),(38,2),(39,2),(40,3),(41,2),(42,2),(43,1),(44,3),(45,2),(46,3),(47,3),(48,1),(49,1),(50,2),(51,2),(52,2),(53,0),(54,1),(55,1),(56,3),(57,1),(58,1),(59,0),(60,0),(61,3),(62,0),(63,1),(64,2),(65,3),(66,2),(67,0),(68,3),(69,1),(70,3),(71,0),(72,1),(73,2),(74,1),(75,0),(76,3),(77,0),(78,0),(79,1),(80,0),(81,1),(82,1),(83,2),(84,2),(85,1),(86,1),(87,2),(88,0),(89,0),(90,3),(91,3),(92,2),(93,2),(94,2),(95,3),(96,0),(97,2),(98,2),(99,3);
/*!40000 ALTER TABLE `is_from` ENABLE KEYS */;
UNLOCK TABLES;

--
-- Table structure for table `leads`
--

DROP TABLE IF EXISTS `leads`;
/*!40101 SET @saved_cs_client     = @@character_set_client */;
/*!50503 SET character_set_client = utf8mb4 */;
CREATE TABLE `leads` (
  `trainerID` int NOT NULL,
  `number` int NOT NULL,
  PRIMARY KEY (`trainerID`,`number`)
) ENGINE=InnoDB DEFAULT CHARSET=utf8mb3;
/*!40101 SET character_set_client = @saved_cs_client */;

--
-- Dumping data for table `leads`
--

LOCK TABLES `leads` WRITE;
/*!40000 ALTER TABLE `leads` DISABLE KEYS */;
INSERT INTO `leads` VALUES (0,0),(1,1),(2,2),(3,3),(4,4),(5,5),(6,6),(7,7),(8,8),(9,9),(10,10),(11,11),(12,12),(13,13),(14,14),(15,15),(16,16),(17,17),(18,18),(19,19),(20,20),(21,21),(22,22),(23,23),(24,24),(25,25),(26,26),(27,27),(28,28),(29,29),(30,30),(31,31),(32,32),(33,33),(34,34),(35,35),(36,36),(37,37),(38,38),(39,39),(40,40),(41,41),(42,42),(43,43),(44,44),(45,45),(46,46),(47,47),(48,48),(49,49),(50,50),(51,51),(52,52),(53,53),(54,54),(55,55),(56,56),(57,57),(58,58),(59,59),(60,60),(61,61),(62,62),(63,63),(64,64),(65,65),(66,66),(67,67),(68,68),(69,69),(70,70),(71,71),(72,72),(73,73),(74,74),(75,75),(76,76),(77,77),(78,78),(79,79),(80,80),(81,81),(82,82),(83,83),(84,84),(85,85),(86,86),(87,87),(88,88),(89,89),(90,90),(91,91),(92,92),(93,93),(94,94),(95,95),(96,96),(97,97),(98,98),(99,99);
/*!40000 ALTER TABLE `leads` ENABLE KEYS */;
UNLOCK TABLES;

--
-- Table structure for table `messages`
--

DROP TABLE IF EXISTS `messages`;
/*!40101 SET @saved_cs_client     = @@character_set_client */;
/*!50503 SET character_set_client = utf8mb4 */;
CREATE TABLE `messages` (
  `messageID` int NOT NULL AUTO_INCREMENT,
  `trainerID` int NOT NULL,
  `messageText` varchar(255) NOT NULL,
  PRIMARY KEY (`messageID`)
) ENGINE=InnoDB AUTO_INCREMENT=6 DEFAULT CHARSET=utf8mb3;
/*!40101 SET character_set_client = @saved_cs_client */;

--
-- Dumping data for table `messages`
--

LOCK TABLES `messages` WRITE;
/*!40000 ALTER TABLE `messages` DISABLE KEYS */;
INSERT INTO `messages` VALUES (1,2,'This is a test message'),(4,63,'I love the pokemon app!'),(5,63,'I just caught a new pokemon');
/*!40000 ALTER TABLE `messages` ENABLE KEYS */;
UNLOCK TABLES;

--
-- Table structure for table `pokemon`
--

DROP TABLE IF EXISTS `pokemon`;
/*!40101 SET @saved_cs_client     = @@character_set_client */;
/*!50503 SET character_set_client = utf8mb4 */;
CREATE TABLE `pokemon` (
  `number` int NOT NULL,
  `name` varchar(255) DEFAULT NULL,
  `Type1` varchar(255) DEFAULT NULL,
  `Type2` varchar(255) DEFAULT NULL,
  `Total` int DEFAULT NULL,
  `HP` int DEFAULT NULL,
  `Attack` int DEFAULT NULL,
  `Defense` int DEFAULT NULL,
  `SpAtk` int DEFAULT NULL,
  `SpDef` int DEFAULT NULL,
  `Speed` int DEFAULT NULL,
  `Generation` int DEFAULT NULL,
  `Legendary` varchar(255) DEFAULT NULL,
  `Team` varchar(255) DEFAULT NULL,
  PRIMARY KEY (`number`)
) ENGINE=InnoDB DEFAULT CHARSET=utf8mb3;
/*!40101 SET character_set_client = @saved_cs_client */;

--
-- Dumping data for table `pokemon`
--

LOCK TABLES `pokemon` WRITE;
/*!40000 ALTER TABLE `pokemon` DISABLE KEYS */;
INSERT INTO `pokemon` VALUES (1,'Bulbasaur','Grass','Poison',318,45,49,49,65,65,45,1,'False',NULL),(2,'Ivysaur','Grass','Poison',405,60,62,63,80,80,60,1,'False','\r'),(3,'Venusaur','Grass','Poison',525,80,82,83,100,100,80,1,'False','\r'),(4,'Charmander','Fire','',309,39,52,43,60,50,65,1,'False','\r'),(5,'Charmeleon','Fire','',405,58,64,58,80,65,80,1,'False','\r'),(6,'Charizard','Fire','Flying',534,78,84,78,109,85,100,1,'False','\r'),(7,'Squirtle','Water','',314,44,48,65,50,64,43,1,'False','\r'),(8,'Wartortle','Water','',405,59,63,80,65,80,58,1,'False','\r'),(9,'Blastoise','Water','',530,79,83,100,85,105,78,1,'False','\r'),(10,'Caterpie','Bug','',195,45,30,35,20,20,45,1,'False','\r'),(11,'Metapod','Bug','',205,50,20,55,25,25,30,1,'False','\r'),(12,'Butterfree','Bug','Flying',395,60,45,50,90,80,70,1,'False','60\r'),(13,'Weedle','Bug','Poison',195,40,35,30,20,20,50,1,'False','\r'),(14,'Kakuna','Bug','Poison',205,45,25,50,25,25,35,1,'False','\r'),(15,'Beedrill','Bug','Poison',395,65,90,40,45,80,75,1,'False','\r'),(16,'Pidgey','Normal','Flying',251,40,45,40,35,35,56,1,'False','\r'),(17,'Pidgeotto','Normal','Flying',349,63,60,55,50,50,71,1,'False','\r'),(18,'Pidgeot','Normal','Flying',479,83,80,75,70,70,101,1,'False','95\r'),(19,'Rattata','Normal','',253,30,56,35,25,35,72,1,'False','\r'),(20,'Raticate','Normal','',413,55,81,60,50,70,97,1,'False','\r'),(21,'Spearow','Normal','Flying',262,40,60,30,31,31,70,1,'False','\r'),(22,'Fearow','Normal','Flying',442,65,90,65,61,61,100,1,'False','\r'),(23,'Ekans','Poison','',288,35,60,44,40,54,55,1,'False','52\r'),(24,'Arbok','Poison','',438,60,85,69,65,79,80,1,'False','\r'),(25,'Pikachu','Electric','',320,35,55,40,50,50,90,1,'False','78\r'),(26,'Raichu','Electric','',485,60,90,55,90,80,110,1,'False','76\r'),(27,'Sandshrew','Ground','',300,50,75,85,20,30,40,1,'False','30\r'),(28,'Sandslash','Ground','',450,75,100,110,45,55,65,1,'False','\r'),(29,'Nidoran♀','Poison','',275,55,47,52,40,40,41,1,'False','\r'),(30,'Nidorina','Poison','',365,70,62,67,55,55,56,1,'False','\r'),(31,'Nidoqueen','Poison','Ground',505,90,92,87,75,85,76,1,'False','42\r'),(32,'Nidoran♂','Poison','',273,46,57,40,40,40,50,1,'False','\r'),(33,'Nidorino','Poison','',365,61,72,57,55,55,65,1,'False','47\r'),(34,'Nidoking','Poison','Ground',505,81,102,77,85,75,85,1,'False','11\r'),(35,'Clefairy','Fairy','',323,70,45,48,60,65,35,1,'False','59\r'),(36,'Clefable','Fairy','',483,95,70,73,95,90,60,1,'False','38\r'),(37,'Vulpix','Fire','',299,38,41,40,50,65,65,1,'False','\r'),(38,'Ninetales','Fire','',505,73,76,75,81,100,100,1,'False','38\r'),(39,'Jigglypuff','Normal','Fairy',270,115,45,20,45,25,20,1,'False','\r'),(40,'Wigglytuff','Normal','Fairy',435,140,70,45,85,50,45,1,'False','73\r'),(41,'Zubat','Poison','Flying',245,40,45,35,30,40,55,1,'False','\r'),(42,'Golbat','Poison','Flying',455,75,80,70,65,75,90,1,'False','\r'),(43,'Oddish','Grass','Poison',320,45,50,55,75,65,30,1,'False','68\r'),(44,'Gloom','Grass','Poison',395,60,65,70,85,75,40,1,'False','44\r'),(45,'Vileplume','Grass','Poison',490,75,80,85,110,90,50,1,'False','\r'),(46,'Paras','Bug','Grass',285,35,70,55,45,55,25,1,'False','\r'),(47,'Parasect','Bug','Grass',405,60,95,80,60,80,30,1,'False','\r'),(48,'Venonat','Bug','Poison',305,60,55,50,40,55,45,1,'False','\r'),(49,'Venomoth','Bug','Poison',450,70,65,60,90,75,90,1,'False','\r'),(50,'Diglett','Ground','',265,10,55,25,35,45,95,1,'False','\r'),(51,'Dugtrio','Ground','',405,35,80,50,50,70,120,1,'False','\r'),(52,'Meowth','Normal','',290,40,45,35,40,40,90,1,'False','\r'),(53,'Persian','Normal','',440,65,70,60,65,65,115,1,'False','\r'),(54,'Psyduck','Water','',320,50,52,48,65,50,55,1,'False','23\r'),(55,'Golduck','Water','',500,80,82,78,95,80,85,1,'False','\r'),(56,'Mankey','Fighting','',305,40,80,35,35,45,70,1,'False','70\r'),(57,'Primeape','Fighting','',455,65,105,60,60,70,95,1,'False','\r'),(58,'Growlithe','Fire','',350,55,70,45,70,50,60,1,'False','4\r'),(59,'Arcanine','Fire','',555,90,110,80,100,80,95,1,'False','\r'),(60,'Poliwag','Water','',300,40,50,40,40,40,90,1,'False','31\r'),(61,'Poliwhirl','Water','',385,65,65,65,50,50,90,1,'False','\r'),(62,'Poliwrath','Water','Fighting',510,90,95,95,70,90,70,1,'False','64\r'),(63,'Abra','Psychic','',310,25,20,15,105,55,90,1,'False','\r'),(64,'Kadabra','Psychic','',400,40,35,30,120,70,105,1,'False','\r'),(65,'Alakazam','Psychic','',500,55,50,45,135,95,120,1,'False','\r'),(66,'Machop','Fighting','',305,70,80,50,35,35,35,1,'False','79\r'),(67,'Machoke','Fighting','',405,80,100,70,50,60,45,1,'False','\r'),(68,'Machamp','Fighting','',505,90,130,80,65,85,55,1,'False','\r'),(69,'Bellsprout','Grass','Poison',300,50,75,35,70,30,40,1,'False','2\r'),(70,'Weepinbell','Grass','Poison',390,65,90,50,85,45,55,1,'False','\r'),(71,'Victreebel','Grass','Poison',490,80,105,65,100,70,70,1,'False','\r'),(72,'Tentacool','Water','Poison',335,40,40,35,50,100,70,1,'False','\r'),(73,'Tentacruel','Water','Poison',515,80,70,65,80,120,100,1,'False','86\r'),(74,'Geodude','Rock','Ground',300,40,80,100,30,30,20,1,'False','26\r'),(75,'Graveler','Rock','Ground',390,55,95,115,45,45,35,1,'False','\r'),(76,'Golem','Rock','Ground',495,80,120,130,55,65,45,1,'False','\r'),(77,'Ponyta','Fire','',410,50,85,55,65,65,90,1,'False','\r'),(78,'Rapidash','Fire','',500,65,100,70,80,80,105,1,'False','\r'),(79,'Slowpoke','Water','Psychic',315,90,65,65,40,40,15,1,'False','33\r'),(80,'Slowbro','Water','Psychic',490,95,75,110,100,80,30,1,'False','\r'),(81,'Magnemite','Electric','Steel',325,25,35,70,95,55,45,1,'False','\r'),(82,'Magneton','Electric','Steel',465,50,60,95,120,70,70,1,'False','48\r'),(83,'Farfetch\'d','Normal','Flying',352,52,65,55,58,62,60,1,'False','\r'),(84,'Doduo','Normal','Flying',310,35,85,45,35,35,75,1,'False','\r'),(85,'Dodrio','Normal','Flying',460,60,110,70,60,60,100,1,'False','\r'),(86,'Seel','Water','',325,65,45,55,45,70,45,1,'False','18\r'),(87,'Dewgong','Water','Ice',475,90,70,80,70,95,70,1,'False','94\r'),(88,'Grimer','Poison','',325,80,80,50,40,50,25,1,'False','74\r'),(89,'Muk','Poison','',500,105,105,75,65,100,50,1,'False','\r'),(90,'Shellder','Water','',305,30,65,100,45,25,40,1,'False','\r'),(91,'Cloyster','Water','Ice',525,50,95,180,85,45,70,1,'False','\r'),(92,'Gastly','Ghost','Poison',310,30,35,30,100,35,80,1,'False','\r'),(93,'Haunter','Ghost','Poison',405,45,50,45,115,55,95,1,'False','\r'),(94,'Gengar','Ghost','Poison',500,60,65,60,130,75,110,1,'False','2\r'),(95,'Onix','Rock','Ground',385,35,45,160,30,45,70,1,'False','16\r'),(96,'Drowzee','Psychic','',328,60,48,45,43,90,42,1,'False','\r'),(97,'Hypno','Psychic','',483,85,73,70,73,115,67,1,'False','\r'),(98,'Krabby','Water','',325,30,105,90,25,25,50,1,'False','\r'),(99,'Kingler','Water','',475,55,130,115,50,50,75,1,'False','69\r'),(100,'Voltorb','Electric','',330,40,30,50,55,55,100,1,'False','\r'),(101,'Electrode','Electric','',480,60,50,70,80,80,140,1,'False','\r'),(102,'Exeggcute','Grass','Psychic',325,60,40,80,60,45,40,1,'False','\r'),(103,'Exeggutor','Grass','Psychic',520,95,95,85,125,65,55,1,'False','7\r'),(104,'Cubone','Ground','',320,50,50,95,40,50,35,1,'False','\r'),(105,'Marowak','Ground','',425,60,80,110,50,80,45,1,'False','\r'),(106,'Hitmonlee','Fighting','',455,50,120,53,35,110,87,1,'False','90\r'),(107,'Hitmonchan','Fighting','',455,50,105,79,35,110,76,1,'False','81\r'),(108,'Lickitung','Normal','',385,90,55,75,60,75,30,1,'False','\r'),(109,'Koffing','Poison','',340,40,65,95,60,45,35,1,'False','\r'),(110,'Weezing','Poison','',490,65,90,120,85,70,60,1,'False','\r'),(111,'Rhyhorn','Ground','Rock',345,80,85,95,30,30,25,1,'False','15\r'),(112,'Rhydon','Ground','Rock',485,105,130,120,45,45,40,1,'False','\r'),(113,'Chansey','Normal','',450,250,5,5,35,105,50,1,'False','35\r'),(114,'Tangela','Grass','',435,65,55,115,100,40,60,1,'False','\r'),(115,'Kangaskhan','Normal','',490,105,95,80,40,80,90,1,'False','95\r'),(116,'Horsea','Water','',295,30,40,70,70,25,60,1,'False','\r'),(117,'Seadra','Water','',440,55,65,95,95,45,85,1,'False','19\r'),(118,'Goldeen','Water','',320,45,67,60,35,50,63,1,'False','17\r'),(119,'Seaking','Water','',450,80,92,65,65,80,68,1,'False','\r'),(120,'Staryu','Water','',340,30,45,55,70,55,85,1,'False','\r'),(121,'Starmie','Water','Psychic',520,60,75,85,100,85,115,1,'False','71\r'),(122,'Mr. Mime','Psychic','Fairy',460,40,45,65,100,120,90,1,'False','\r'),(123,'Scyther','Bug','Flying',500,70,110,80,55,80,105,1,'False','\r'),(124,'Jynx','Ice','Psychic',455,65,50,35,115,95,95,1,'False','\r'),(125,'Electabuzz','Electric','',490,65,83,57,95,85,105,1,'False','\r'),(126,'Magmar','Fire','',495,65,95,57,100,85,93,1,'False','\r'),(127,'Pinsir','Bug','',500,65,125,100,55,70,85,1,'False','37\r'),(128,'Tauros','Normal','',490,75,100,95,40,70,110,1,'False','\r'),(129,'Magikarp','Water','',200,20,10,55,15,20,80,1,'False','\r'),(130,'Gyarados','Water','Flying',540,95,125,79,60,100,81,1,'False','\r'),(131,'Lapras','Water','Ice',535,130,85,80,85,95,60,1,'False','\r'),(132,'Ditto','Normal','',288,48,48,48,48,48,48,1,'False','1\r'),(133,'Eevee','Normal','',325,55,55,50,45,65,55,1,'False','\r'),(134,'Vaporeon','Water','',525,130,65,60,110,95,65,1,'False','6\r'),(135,'Jolteon','Electric','',525,65,65,60,110,95,130,1,'False','79\r'),(136,'Flareon','Fire','',525,65,130,60,95,110,65,1,'False','\r'),(137,'Porygon','Normal','',395,65,60,70,85,75,40,1,'False','\r'),(138,'Omanyte','Rock','Water',355,35,40,100,90,55,35,1,'False','16\r'),(139,'Omastar','Rock','Water',495,70,60,125,115,70,55,1,'False','84\r'),(140,'Kabuto','Rock','Water',355,30,80,90,55,45,55,1,'False','\r'),(141,'Kabutops','Rock','Water',495,60,115,105,65,70,80,1,'False','\r'),(142,'Aerodactyl','Rock','Flying',515,80,105,65,60,75,130,1,'False','11\r'),(143,'Snorlax','Normal','',540,160,110,65,65,110,30,1,'False','\r'),(144,'Articuno','Ice','Flying',580,90,85,100,95,125,85,1,'True','\r'),(145,'Zapdos','Electric','Flying',580,90,90,85,125,90,100,1,'True','\r'),(146,'Moltres','Fire','Flying',580,90,100,90,125,85,90,1,'True','\r'),(147,'Dratini','Dragon','',300,41,64,45,50,50,50,1,'False','58\r'),(148,'Dragonair','Dragon','',420,61,84,65,70,70,70,1,'False','\r'),(149,'Dragonite','Dragon','Flying',600,91,134,95,100,100,80,1,'False','\r'),(150,'Mewtwo','Psychic','',680,106,110,90,154,90,130,1,'True','\r'),(151,'Mew','Psychic','',600,100,100,100,100,100,100,1,'False','\r'),(152,'Chikorita','Grass','',318,45,49,65,49,65,45,2,'False','\r'),(153,'Bayleef','Grass','',405,60,62,80,63,80,60,2,'False','65\r'),(154,'Meganium','Grass','',525,80,82,100,83,100,80,2,'False','\r'),(155,'Cyndaquil','Fire','',309,39,52,43,60,50,65,2,'False','\r'),(156,'Quilava','Fire','',405,58,64,58,80,65,80,2,'False','\r'),(157,'Typhlosion','Fire','',534,78,84,78,109,85,100,2,'False','\r'),(158,'Totodile','Water','',314,50,65,64,44,48,43,2,'False','\r'),(159,'Croconaw','Water','',405,65,80,80,59,63,58,2,'False','\r'),(160,'Feraligatr','Water','',530,85,105,100,79,83,78,2,'False','\r'),(161,'Sentret','Normal','',215,35,46,34,35,45,20,2,'False','\r'),(162,'Furret','Normal','',415,85,76,64,45,55,90,2,'False','\r'),(163,'Hoothoot','Normal','Flying',262,60,30,30,36,56,50,2,'False','\r'),(164,'Noctowl','Normal','Flying',442,100,50,50,76,96,70,2,'False','\r'),(165,'Ledyba','Bug','Flying',265,40,20,30,40,80,55,2,'False','\r'),(166,'Ledian','Bug','Flying',390,55,35,50,55,110,85,2,'False','\r'),(167,'Spinarak','Bug','Poison',250,40,60,40,40,40,30,2,'False','\r'),(168,'Ariados','Bug','Poison',390,70,90,70,60,60,40,2,'False','40\r'),(169,'Crobat','Poison','Flying',535,85,90,80,70,80,130,2,'False','\r'),(170,'Chinchou','Water','Electric',330,75,38,38,56,56,67,2,'False','21\r'),(171,'Lanturn','Water','Electric',460,125,58,58,76,76,67,2,'False','\r'),(172,'Pichu','Electric','',205,20,40,15,35,35,60,2,'False','63\r'),(173,'Cleffa','Fairy','',218,50,25,28,45,55,15,2,'False','\r'),(174,'Igglybuff','Normal','Fairy',210,90,30,15,40,20,15,2,'False','83\r'),(175,'Togepi','Fairy','',245,35,20,65,40,65,20,2,'False','19\r'),(176,'Togetic','Fairy','Flying',405,55,40,85,80,105,40,2,'False','\r'),(177,'Natu','Psychic','Flying',320,40,50,45,70,45,70,2,'False','\r'),(178,'Xatu','Psychic','Flying',470,65,75,70,95,70,95,2,'False','\r'),(179,'Mareep','Electric','',280,55,40,40,65,45,35,2,'False','\r'),(180,'Flaaffy','Electric','',365,70,55,55,80,60,45,2,'False','\r'),(181,'Ampharos','Electric','',510,90,75,85,115,90,55,2,'False','\r'),(182,'Bellossom','Grass','',490,75,80,95,90,100,50,2,'False','\r'),(183,'Marill','Water','Fairy',250,70,20,50,20,50,40,2,'False','\r'),(184,'Azumarill','Water','Fairy',420,100,50,80,60,80,50,2,'False','\r'),(185,'Sudowoodo','Rock','',410,70,100,115,30,65,30,2,'False','97\r'),(186,'Politoed','Water','',500,90,75,75,90,100,70,2,'False','\r'),(187,'Hoppip','Grass','Flying',250,35,35,40,35,55,50,2,'False','54\r'),(188,'Skiploom','Grass','Flying',340,55,45,50,45,65,80,2,'False','\r'),(189,'Jumpluff','Grass','Flying',460,75,55,70,55,95,110,2,'False','22\r'),(190,'Aipom','Normal','',360,55,70,55,40,55,85,2,'False','\r'),(191,'Sunkern','Grass','',180,30,30,30,30,30,30,2,'False','\r'),(192,'Sunflora','Grass','',425,75,75,55,105,85,30,2,'False','\r'),(193,'Yanma','Bug','Flying',390,65,65,45,75,45,95,2,'False','\r'),(194,'Wooper','Water','Ground',210,55,45,45,25,25,15,2,'False','\r'),(195,'Quagsire','Water','Ground',430,95,85,85,65,65,35,2,'False','\r'),(196,'Espeon','Psychic','',525,65,65,60,130,95,110,2,'False','62\r'),(197,'Umbreon','Dark','',525,95,65,110,60,130,65,2,'False','53\r'),(198,'Murkrow','Dark','Flying',405,60,85,42,85,42,91,2,'False','82\r'),(199,'Slowking','Water','Psychic',490,95,75,80,100,110,30,2,'False','\r'),(200,'Misdreavus','Ghost','',435,60,60,60,85,85,85,2,'False','\r'),(201,'Unown','Psychic','',336,48,72,48,72,48,48,2,'False','\r'),(202,'Wobbuffet','Psychic','',405,190,33,58,33,58,33,2,'False','\r'),(203,'Girafarig','Normal','Psychic',455,70,80,65,90,65,85,2,'False','34\r'),(204,'Pineco','Bug','',290,50,65,90,35,35,15,2,'False','\r'),(205,'Forretress','Bug','Steel',465,75,90,140,60,60,40,2,'False','\r'),(206,'Dunsparce','Normal','',415,100,70,70,65,65,45,2,'False','\r'),(207,'Gligar','Ground','Flying',430,65,75,105,35,65,85,2,'False','\r'),(208,'Steelix','Steel','Ground',510,75,85,200,55,65,30,2,'False','\r'),(209,'Snubbull','Fairy','',300,60,80,50,40,40,30,2,'False','15\r'),(210,'Granbull','Fairy','',450,90,120,75,60,60,45,2,'False','\r'),(211,'Qwilfish','Water','Poison',430,65,95,75,55,55,85,2,'False','\r'),(212,'Scizor','Bug','Steel',500,70,130,100,55,80,65,2,'False','\r'),(213,'Shuckle','Bug','Rock',505,20,10,230,10,230,5,2,'False','\r'),(214,'Heracross','Bug','Fighting',500,80,125,75,40,95,85,2,'False','\r'),(215,'Sneasel','Dark','Ice',430,55,95,55,35,75,115,2,'False','\r'),(216,'Teddiursa','Normal','',330,60,80,50,50,50,40,2,'False','\r'),(217,'Ursaring','Normal','',500,90,130,75,75,75,55,2,'False','\r'),(218,'Slugma','Fire','',250,40,40,40,70,40,20,2,'False','\r'),(219,'Magcargo','Fire','Rock',410,50,50,120,80,80,30,2,'False','\r'),(220,'Swinub','Ice','Ground',250,50,50,40,30,30,50,2,'False','\r'),(221,'Piloswine','Ice','Ground',450,100,100,80,60,60,50,2,'False','\r'),(222,'Corsola','Water','Rock',380,55,55,85,65,85,35,2,'False','\r'),(223,'Remoraid','Water','',300,35,65,35,65,35,65,2,'False','12\r'),(224,'Octillery','Water','',480,75,105,75,105,75,45,2,'False','\r'),(225,'Delibird','Ice','Flying',330,45,55,45,65,45,75,2,'False','\r'),(226,'Mantine','Water','Flying',465,65,40,70,80,140,70,2,'False','6\r'),(227,'Skarmory','Steel','Flying',465,65,80,140,40,70,70,2,'False','27\r'),(228,'Houndour','Dark','Fire',330,45,60,30,80,50,65,2,'False','\r'),(229,'Houndoom','Dark','Fire',500,75,90,50,110,80,95,2,'False','9\r'),(230,'Kingdra','Water','Dragon',540,75,95,95,95,95,85,2,'False','5\r'),(231,'Phanpy','Ground','',330,90,60,60,40,40,40,2,'False','\r'),(232,'Donphan','Ground','',500,90,120,120,60,60,50,2,'False','\r'),(233,'Porygon2','Normal','',515,85,80,90,105,95,60,2,'False','\r'),(234,'Stantler','Normal','',465,73,95,62,85,65,85,2,'False','\r'),(235,'Smeargle','Normal','',250,55,20,35,20,45,75,2,'False','\r'),(236,'Tyrogue','Fighting','',210,35,35,35,35,35,35,2,'False','\r'),(237,'Hitmontop','Fighting','',455,50,95,95,35,110,70,2,'False','\r'),(238,'Smoochum','Ice','Psychic',305,45,30,15,85,65,65,2,'False','\r'),(239,'Elekid','Electric','',360,45,63,37,65,55,95,2,'False','77\r'),(240,'Magby','Fire','',365,45,75,37,70,55,83,2,'False','\r'),(241,'Miltank','Normal','',490,95,80,105,40,70,100,2,'False','\r'),(242,'Blissey','Normal','',540,255,10,10,75,135,55,2,'False','\r'),(243,'Raikou','Electric','',580,90,85,75,115,100,115,2,'True','37\r'),(244,'Entei','Fire','',580,115,115,85,90,75,100,2,'True','\r'),(245,'Suicune','Water','',580,100,75,115,90,115,85,2,'True','\r'),(246,'Larvitar','Rock','Ground',300,50,64,50,45,50,41,2,'False','31\r'),(247,'Pupitar','Rock','Ground',410,70,84,70,65,70,51,2,'False','20\r'),(248,'Tyranitar','Rock','Dark',600,100,134,110,95,100,61,2,'False','51\r'),(249,'Lugia','Psychic','Flying',680,106,90,130,90,154,110,2,'True','\r'),(250,'Ho-oh','Fire','Flying',680,106,130,90,110,154,90,2,'True','\r'),(251,'Celebi','Psychic','Grass',600,100,100,100,100,100,100,2,'False','\r'),(252,'Treecko','Grass','',310,40,45,35,65,55,70,3,'False','\r'),(253,'Grovyle','Grass','',405,50,65,45,85,65,95,3,'False','\r'),(254,'Sceptile','Grass','',530,70,85,65,105,85,120,3,'False','\r'),(255,'Torchic','Fire','',310,45,60,40,70,50,45,3,'False','\r'),(256,'Combusken','Fire','Fighting',405,60,85,60,85,60,55,3,'False','\r'),(257,'Blaziken','Fire','Fighting',530,80,120,70,110,70,80,3,'False','\r'),(258,'Mudkip','Water','',310,50,70,50,50,50,40,3,'False','\r'),(259,'Marshtomp','Water','Ground',405,70,85,70,60,70,50,3,'False','\r'),(260,'Swampert','Water','Ground',535,100,110,90,85,90,60,3,'False','\r'),(261,'Poochyena','Dark','',220,35,55,35,30,30,35,3,'False','\r'),(262,'Mightyena','Dark','',420,70,90,70,60,60,70,3,'False','\r'),(263,'Zigzagoon','Normal','',240,38,30,41,30,41,60,3,'False','\r'),(264,'Linoone','Normal','',420,78,70,61,50,61,100,3,'False','\r'),(265,'Wurmple','Bug','',195,45,45,35,20,30,20,3,'False','1\r'),(266,'Silcoon','Bug','',205,50,35,55,25,25,15,3,'False','99\r'),(267,'Beautifly','Bug','Flying',395,60,70,50,100,50,65,3,'False','\r'),(268,'Cascoon','Bug','',205,50,35,55,25,25,15,3,'False','\r'),(269,'Dustox','Bug','Poison',385,60,50,70,50,90,65,3,'False','\r'),(270,'Lotad','Water','Grass',220,40,30,30,40,50,30,3,'False','\r'),(271,'Lombre','Water','Grass',340,60,50,50,60,70,50,3,'False','\r'),(272,'Ludicolo','Water','Grass',480,80,70,70,90,100,70,3,'False','\r'),(273,'Seedot','Grass','',220,40,40,50,30,30,30,3,'False','62\r'),(274,'Nuzleaf','Grass','Dark',340,70,70,40,60,40,60,3,'False','\r'),(275,'Shiftry','Grass','Dark',480,90,100,60,90,60,80,3,'False','85\r'),(276,'Taillow','Normal','Flying',270,40,55,30,30,30,85,3,'False','\r'),(277,'Swellow','Normal','Flying',430,60,85,60,50,50,125,3,'False','80\r'),(278,'Wingull','Water','Flying',270,40,30,30,55,30,85,3,'False','\r'),(279,'Pelipper','Water','Flying',430,60,50,100,85,70,65,3,'False','\r'),(280,'Ralts','Psychic','Fairy',198,28,25,25,45,35,40,3,'False','\r'),(281,'Kirlia','Psychic','Fairy',278,38,35,35,65,55,50,3,'False','\r'),(282,'Gardevoir','Psychic','Fairy',518,68,65,65,125,115,80,3,'False','\r'),(283,'Surskit','Bug','Water',269,40,30,32,50,52,65,3,'False','\r'),(284,'Masquerain','Bug','Flying',414,70,60,62,80,82,60,3,'False','7\r'),(285,'Shroomish','Grass','',295,60,40,60,40,60,35,3,'False','47\r'),(286,'Breloom','Grass','Fighting',460,60,130,80,60,60,70,3,'False','0\r'),(287,'Slakoth','Normal','',280,60,60,60,35,35,30,3,'False','\r'),(288,'Vigoroth','Normal','',440,80,80,80,55,55,90,3,'False','\r'),(289,'Slaking','Normal','',670,150,160,100,95,65,100,3,'False','\r'),(290,'Nincada','Bug','Ground',266,31,45,90,30,30,40,3,'False','\r'),(291,'Ninjask','Bug','Flying',456,61,90,45,50,50,160,3,'False','44\r'),(292,'Shedinja','Bug','Ghost',236,1,90,45,30,30,40,3,'False','\r'),(293,'Whismur','Normal','',240,64,51,23,51,23,28,3,'False','28\r'),(294,'Loudred','Normal','',360,84,71,43,71,43,48,3,'False','\r'),(295,'Exploud','Normal','',490,104,91,63,91,73,68,3,'False','\r'),(296,'Makuhita','Fighting','',237,72,60,30,20,30,25,3,'False','\r'),(297,'Hariyama','Fighting','',474,144,120,60,40,60,50,3,'False','\r'),(298,'Azurill','Normal','Fairy',190,50,20,40,20,40,20,3,'False','\r'),(299,'Nosepass','Rock','',375,30,45,135,45,90,30,3,'False','3\r'),(300,'Skitty','Normal','',260,50,45,45,35,35,50,3,'False','\r'),(301,'Delcatty','Normal','',380,70,65,65,55,55,70,3,'False','57\r'),(302,'Sableye','Dark','Ghost',380,50,75,75,65,65,50,3,'False','\r'),(303,'Mawile','Steel','Fairy',380,50,85,85,55,55,50,3,'False','89\r'),(304,'Aron','Steel','Rock',330,50,70,100,40,40,30,3,'False','56\r'),(305,'Lairon','Steel','Rock',430,60,90,140,50,50,40,3,'False','\r'),(306,'Aggron','Steel','Rock',530,70,110,180,60,60,50,3,'False','77\r'),(307,'Meditite','Fighting','Psychic',280,30,40,55,40,55,60,3,'False','\r'),(308,'Medicham','Fighting','Psychic',410,60,60,75,60,75,80,3,'False','\r'),(309,'Electrike','Electric','',295,40,45,40,65,40,65,3,'False','\r'),(310,'Manectric','Electric','',475,70,75,60,105,60,105,3,'False','\r'),(311,'Plusle','Electric','',405,60,50,40,85,75,95,3,'False','\r'),(312,'Minun','Electric','',405,60,40,50,75,85,95,3,'False','5\r'),(313,'Volbeat','Bug','',400,65,73,55,47,75,85,3,'False','29\r'),(314,'Illumise','Bug','',400,65,47,55,73,75,85,3,'False','\r'),(315,'Roselia','Grass','Poison',400,50,60,45,100,80,65,3,'False','\r'),(316,'Gulpin','Poison','',302,70,43,53,43,53,40,3,'False','46\r'),(317,'Swalot','Poison','',467,100,73,83,73,83,55,3,'False','42\r'),(318,'Carvanha','Water','Dark',305,45,90,20,65,20,65,3,'False','\r'),(319,'Sharpedo','Water','Dark',460,70,120,40,95,40,95,3,'False','57\r'),(320,'Wailmer','Water','',400,130,70,35,70,35,60,3,'False','\r'),(321,'Wailord','Water','',500,170,90,45,90,45,60,3,'False','46\r'),(322,'Numel','Fire','Ground',305,60,60,40,65,45,35,3,'False','\r'),(323,'Camerupt','Fire','Ground',460,70,100,70,105,75,40,3,'False','78\r'),(324,'Torkoal','Fire','',470,70,85,140,85,70,20,3,'False','\r'),(325,'Spoink','Psychic','',330,60,25,35,70,80,60,3,'False','\r'),(326,'Grumpig','Psychic','',470,80,45,65,90,110,80,3,'False','\r'),(327,'Spinda','Normal','',360,60,60,60,60,60,60,3,'False','\r'),(328,'Trapinch','Ground','',290,45,100,45,45,45,10,3,'False','\r'),(329,'Vibrava','Ground','Dragon',340,50,70,50,50,50,70,3,'False','\r'),(330,'Flygon','Ground','Dragon',520,80,100,80,80,80,100,3,'False','67\r'),(331,'Cacnea','Grass','',335,50,85,40,85,40,35,3,'False','\r'),(332,'Cacturne','Grass','Dark',475,70,115,60,115,60,55,3,'False','92\r'),(333,'Swablu','Normal','Flying',310,45,40,60,40,75,50,3,'False','\r'),(334,'Altaria','Dragon','Flying',490,75,70,90,70,105,80,3,'False','25\r'),(335,'Zangoose','Normal','',458,73,115,60,60,60,90,3,'False','\r'),(336,'Seviper','Poison','',458,73,100,60,100,60,65,3,'False','\r'),(337,'Lunatone','Rock','Psychic',440,70,55,65,95,85,70,3,'False','43\r'),(338,'Solrock','Rock','Psychic',440,70,95,85,55,65,70,3,'False','82\r'),(339,'Barboach','Water','Ground',288,50,48,43,46,41,60,3,'False','\r'),(340,'Whiscash','Water','Ground',468,110,78,73,76,71,60,3,'False','\r'),(341,'Corphish','Water','',308,43,80,65,50,35,35,3,'False','\r'),(342,'Crawdaunt','Water','Dark',468,63,120,85,90,55,55,3,'False','\r'),(343,'Baltoy','Ground','Psychic',300,40,40,55,40,70,55,3,'False','\r'),(344,'Claydol','Ground','Psychic',500,60,70,105,70,120,75,3,'False','\r'),(345,'Lileep','Rock','Grass',355,66,41,77,61,87,23,3,'False','80\r'),(346,'Cradily','Rock','Grass',495,86,81,97,81,107,43,3,'False','88\r'),(347,'Anorith','Rock','Bug',355,45,95,50,40,50,75,3,'False','18\r'),(348,'Armaldo','Rock','Bug',495,75,125,100,70,80,45,3,'False','\r'),(349,'Feebas','Water','',200,20,15,20,10,55,80,3,'False','85\r'),(350,'Milotic','Water','',540,95,60,79,100,125,81,3,'False','\r'),(351,'Castform','Normal','',420,70,70,70,70,70,70,3,'False','\r'),(352,'Kecleon','Normal','',440,60,90,70,60,120,40,3,'False','\r'),(353,'Shuppet','Ghost','',295,44,75,35,63,33,45,3,'False','84\r'),(354,'Banette','Ghost','',455,64,115,65,83,63,65,3,'False','\r'),(355,'Duskull','Ghost','',295,20,40,90,30,90,25,3,'False','58\r'),(356,'Dusclops','Ghost','',455,40,70,130,60,130,25,3,'False','\r'),(357,'Tropius','Grass','Flying',460,99,68,83,72,87,51,3,'False','\r'),(358,'Chimecho','Psychic','',425,65,50,70,95,80,65,3,'False','61\r'),(359,'Absol','Dark','',465,65,130,60,75,60,75,3,'False','\r'),(360,'Wynaut','Psychic','',260,95,23,48,23,48,23,3,'False','49\r'),(361,'Snorunt','Ice','',300,50,50,50,50,50,50,3,'False','\r'),(362,'Glalie','Ice','',480,80,80,80,80,80,80,3,'False','71\r'),(363,'Spheal','Ice','Water',290,70,40,50,55,50,25,3,'False','\r'),(364,'Sealeo','Ice','Water',410,90,60,70,75,70,45,3,'False','\r'),(365,'Walrein','Ice','Water',530,110,80,90,95,90,65,3,'False','22\r'),(366,'Clamperl','Water','',345,35,64,85,74,55,32,3,'False','72\r'),(367,'Huntail','Water','',485,55,104,105,94,75,52,3,'False','\r'),(368,'Gorebyss','Water','',485,55,84,105,114,75,52,3,'False','86\r'),(369,'Relicanth','Water','Rock',485,100,90,130,45,65,55,3,'False','43\r'),(370,'Luvdisc','Water','',330,43,30,55,40,65,97,3,'False','96\r'),(371,'Bagon','Dragon','',300,45,75,60,40,30,50,3,'False','36\r'),(372,'Shelgon','Dragon','',420,65,95,100,60,50,50,3,'False','53\r'),(373,'Salamence','Dragon','Flying',600,95,135,80,110,80,100,3,'False','\r'),(374,'Beldum','Steel','Psychic',300,40,55,80,35,60,30,3,'False','\r'),(375,'Metang','Steel','Psychic',420,60,75,100,55,80,50,3,'False','30\r'),(376,'Metagross','Steel','Psychic',600,80,135,130,95,90,70,3,'False','\r'),(377,'Regirock','Rock','',580,80,100,200,50,100,50,3,'True','0\r'),(378,'Regice','Ice','',580,80,50,100,100,200,50,3,'True','\r'),(379,'Registeel','Steel','',580,80,75,150,75,150,50,3,'True','\r'),(380,'Latias','Dragon','Psychic',600,80,80,90,110,130,110,3,'True','\r'),(381,'Latios','Dragon','Psychic',600,80,90,80,130,110,110,3,'True','\r'),(382,'Kyogre','Water','',670,100,100,90,150,140,90,3,'True','67\r'),(383,'Groudon','Ground','',670,100,150,140,100,90,90,3,'True','\r'),(384,'Rayquaza','Dragon','Flying',680,105,150,90,150,90,95,3,'True','76\r'),(385,'Jirachi','Steel','Psychic',600,100,100,100,100,100,100,3,'True','66\r'),(386,'DeoxysNormal Forme','Psychic','',600,50,150,50,150,50,150,3,'True','\r'),(387,'Turtwig','Grass','',318,55,68,64,45,55,31,4,'False','87\r'),(388,'Grotle','Grass','',405,75,89,85,55,65,36,4,'False','\r'),(389,'Torterra','Grass','Ground',525,95,109,105,75,85,56,4,'False','94\r'),(390,'Chimchar','Fire','',309,44,58,44,58,44,61,4,'False','\r'),(391,'Monferno','Fire','Fighting',405,64,78,52,78,52,81,4,'False','75\r'),(392,'Infernape','Fire','Fighting',534,76,104,71,104,71,108,4,'False','\r'),(393,'Piplup','Water','',314,53,51,53,61,56,40,4,'False','\r'),(394,'Prinplup','Water','',405,64,66,68,81,76,50,4,'False','\r'),(395,'Empoleon','Water','Steel',530,84,86,88,111,101,60,4,'False','\r'),(396,'Starly','Normal','Flying',245,40,55,30,30,30,60,4,'False','\r'),(397,'Staravia','Normal','Flying',340,55,75,50,40,40,80,4,'False','91\r'),(398,'Staraptor','Normal','Flying',485,85,120,70,50,60,100,4,'False','\r'),(399,'Bidoof','Normal','',250,59,45,40,35,40,31,4,'False','3\r'),(400,'Bibarel','Normal','Water',410,79,85,60,55,60,71,4,'False','\r'),(401,'Kricketot','Bug','',194,37,25,41,25,41,25,4,'False','21\r'),(402,'Kricketune','Bug','',384,77,85,51,55,51,65,4,'False','\r'),(403,'Shinx','Electric','',263,45,65,34,40,34,45,4,'False','\r'),(404,'Luxio','Electric','',363,60,85,49,60,49,60,4,'False','\r'),(405,'Luxray','Electric','',523,80,120,79,95,79,70,4,'False','\r'),(406,'Budew','Grass','Poison',280,40,30,35,50,70,55,4,'False','89\r'),(407,'Roserade','Grass','Poison',515,60,70,65,125,105,90,4,'False','24\r'),(408,'Cranidos','Rock','',350,67,125,40,30,30,58,4,'False','\r'),(409,'Rampardos','Rock','',495,97,165,60,65,50,58,4,'False','\r'),(410,'Shieldon','Rock','Steel',350,30,42,118,42,88,30,4,'False','72\r'),(411,'Bastiodon','Rock','Steel',495,60,52,168,47,138,30,4,'False','\r'),(412,'Burmy','Bug','',224,40,29,45,29,45,36,4,'False','\r'),(413,'WormadamPlant Cloak','Bug','Grass',424,60,59,85,79,105,36,4,'False','\r'),(414,'Mothim','Bug','Flying',424,70,94,50,94,50,66,4,'False','13\r'),(415,'Combee','Bug','Flying',244,30,30,42,30,42,70,4,'False','\r'),(416,'Vespiquen','Bug','Flying',474,70,80,102,80,102,40,4,'False','\r'),(417,'Pachirisu','Electric','',405,60,45,70,45,90,95,4,'False','81\r'),(418,'Buizel','Water','',330,55,65,35,60,30,85,4,'False','\r'),(419,'Floatzel','Water','',495,85,105,55,85,50,115,4,'False','\r'),(420,'Cherubi','Grass','',275,45,35,45,62,53,35,4,'False','\r'),(421,'Cherrim','Grass','',450,70,60,70,87,78,85,4,'False','26\r'),(422,'Shellos','Water','',325,76,48,48,57,62,34,4,'False','54\r'),(423,'Gastrodon','Water','Ground',475,111,83,68,92,82,39,4,'False','\r'),(424,'Ambipom','Normal','',482,75,100,66,60,66,115,4,'False','\r'),(425,'Drifloon','Ghost','Flying',348,90,50,34,60,44,70,4,'False','\r'),(426,'Drifblim','Ghost','Flying',498,150,80,44,90,54,80,4,'False','92\r'),(427,'Buneary','Normal','',350,55,66,44,44,56,85,4,'False','\r'),(428,'Lopunny','Normal','',480,65,76,84,54,96,105,4,'False','\r'),(429,'Mismagius','Ghost','',495,60,60,60,105,105,105,4,'False','\r'),(430,'Honchkrow','Dark','Flying',505,100,125,52,105,52,71,4,'False','\r'),(431,'Glameow','Normal','',310,49,55,42,42,37,85,4,'False','\r'),(432,'Purugly','Normal','',452,71,82,64,64,59,112,4,'False','\r'),(433,'Chingling','Psychic','',285,45,30,50,65,50,45,4,'False','\r'),(434,'Stunky','Poison','Dark',329,63,63,47,41,41,74,4,'False','68\r'),(435,'Skuntank','Poison','Dark',479,103,93,67,71,61,84,4,'False','\r'),(436,'Bronzor','Steel','Psychic',300,57,24,86,24,86,23,4,'False','\r'),(437,'Bronzong','Steel','Psychic',500,67,89,116,79,116,33,4,'False','\r'),(438,'Bonsly','Rock','',290,50,80,95,10,45,10,4,'False','\r'),(439,'Mime Jr.','Psychic','Fairy',310,20,25,45,70,90,60,4,'False','36\r'),(440,'Happiny','Normal','',220,100,5,5,15,65,30,4,'False','\r'),(441,'Chatot','Normal','Flying',411,76,65,45,92,42,91,4,'False','\r'),(442,'Spiritomb','Ghost','Dark',485,50,92,108,92,108,35,4,'False','\r'),(443,'Gible','Dragon','Ground',300,58,70,45,40,45,42,4,'False','\r'),(444,'Gabite','Dragon','Ground',410,68,90,65,50,55,82,4,'False','66\r'),(445,'Garchomp','Dragon','Ground',600,108,130,95,80,85,102,4,'False','27\r'),(446,'Munchlax','Normal','',390,135,85,40,40,85,5,4,'False','\r'),(447,'Riolu','Fighting','',285,40,70,40,35,40,60,4,'False','\r'),(448,'Lucario','Fighting','Steel',525,70,110,70,115,70,90,4,'False','73\r'),(449,'Hippopotas','Ground','',330,68,72,78,38,42,32,4,'False','55\r'),(450,'Hippowdon','Ground','',525,108,112,118,68,72,47,4,'False','50\r'),(451,'Skorupi','Poison','Bug',330,40,50,90,30,55,65,4,'False','\r'),(452,'Drapion','Poison','Dark',500,70,90,110,60,75,95,4,'False','\r'),(453,'Croagunk','Poison','Fighting',300,48,61,40,61,40,50,4,'False','\r'),(454,'Toxicroak','Poison','Fighting',490,83,106,65,86,65,85,4,'False','13\r'),(455,'Carnivine','Grass','',454,74,100,72,90,72,46,4,'False','64\r'),(456,'Finneon','Water','',330,49,49,56,49,61,66,4,'False','32\r'),(457,'Lumineon','Water','',460,69,69,76,69,86,91,4,'False','\r'),(458,'Mantyke','Water','Flying',345,45,20,50,60,120,50,4,'False','\r'),(459,'Snover','Grass','Ice',334,60,62,50,62,60,40,4,'False','\r'),(460,'Abomasnow','Grass','Ice',494,90,92,75,92,85,60,4,'False','\r'),(461,'Weavile','Dark','Ice',510,70,120,65,45,85,125,4,'False','\r'),(462,'Magnezone','Electric','Steel',535,70,70,115,130,90,60,4,'False','\r'),(463,'Lickilicky','Normal','',515,110,85,95,80,95,50,4,'False','\r'),(464,'Rhyperior','Ground','Rock',535,115,140,130,55,55,40,4,'False','\r'),(465,'Tangrowth','Grass','',535,100,100,125,110,50,50,4,'False','\r'),(466,'Electivire','Electric','',540,75,123,67,95,85,95,4,'False','61\r'),(467,'Magmortar','Fire','',540,75,95,67,125,95,83,4,'False','\r'),(468,'Togekiss','Fairy','Flying',545,85,50,95,120,115,80,4,'False','\r'),(469,'Yanmega','Bug','Flying',515,86,76,86,116,56,95,4,'False','\r'),(470,'Leafeon','Grass','',525,65,110,130,60,65,95,4,'False','\r'),(471,'Glaceon','Ice','',525,65,60,110,130,95,65,4,'False','\r'),(472,'Gliscor','Ground','Flying',510,75,95,125,45,75,95,4,'False','\r'),(473,'Mamoswine','Ice','Ground',530,110,130,80,70,60,80,4,'False','\r'),(474,'Porygon-Z','Normal','',535,85,80,70,135,75,90,4,'False','\r'),(475,'Gallade','Psychic','Fighting',518,68,125,65,65,115,80,4,'False','\r'),(476,'Probopass','Rock','Steel',525,60,55,145,75,150,40,4,'False','59\r'),(477,'Dusknoir','Ghost','',525,45,100,135,65,135,45,4,'False','\r'),(478,'Froslass','Ice','Ghost',480,70,80,70,80,70,110,4,'False','\r'),(479,'Rotom','Electric','Ghost',440,50,50,77,95,77,91,4,'False','\r'),(480,'Uxie','Psychic','',580,75,75,130,75,130,95,4,'True','\r'),(481,'Mesprit','Psychic','',580,80,105,105,105,105,80,4,'True','52\r'),(482,'Azelf','Psychic','',580,75,125,70,125,70,115,4,'True','\r'),(483,'Dialga','Steel','Dragon',680,100,120,120,150,100,90,4,'True','\r'),(484,'Palkia','Water','Dragon',680,90,120,100,150,120,100,4,'True','\r'),(485,'Heatran','Fire','Steel',600,91,90,106,130,106,77,4,'True','98\r'),(486,'Regigigas','Normal','',670,110,160,110,80,110,100,4,'True','\r'),(487,'GiratinaAltered Forme','Ghost','Dragon',680,150,100,120,100,120,90,4,'True','\r'),(488,'Cresselia','Psychic','',600,120,70,120,75,130,85,4,'False','98\r'),(489,'Phione','Water','',480,80,80,80,80,80,80,4,'False','\r'),(490,'Manaphy','Water','',600,100,100,100,100,100,100,4,'False','\r'),(491,'Darkrai','Dark','',600,70,90,90,135,90,125,4,'True','\r'),(492,'ShayminLand Forme','Grass','',600,100,100,100,100,100,100,4,'True','40\r'),(493,'Arceus','Normal','',720,120,120,120,120,120,120,4,'True','\r'),(494,'Victini','Psychic','Fire',600,100,100,100,100,100,100,5,'True','\r'),(495,'Snivy','Grass','',308,45,45,55,45,55,63,5,'False','\r'),(496,'Servine','Grass','',413,60,60,75,60,75,83,5,'False','\r'),(497,'Serperior','Grass','',528,75,75,95,75,95,113,5,'False','\r'),(498,'Tepig','Fire','',308,65,63,45,45,45,45,5,'False','\r'),(499,'Pignite','Fire','Fighting',418,90,93,55,70,55,55,5,'False','\r'),(500,'Emboar','Fire','Fighting',528,110,123,65,100,65,65,5,'False','\r'),(501,'Oshawott','Water','',308,55,55,45,63,45,45,5,'False','8\r'),(502,'Dewott','Water','',413,75,75,60,83,60,60,5,'False','4\r'),(503,'Samurott','Water','',528,95,100,85,108,70,70,5,'False','69\r'),(504,'Patrat','Normal','',255,45,55,39,35,39,42,5,'False','\r'),(505,'Watchog','Normal','',420,60,85,69,60,69,77,5,'False','\r'),(506,'Lillipup','Normal','',275,45,60,45,25,45,55,5,'False','\r'),(507,'Herdier','Normal','',370,65,80,65,35,65,60,5,'False','\r'),(508,'Stoutland','Normal','',500,85,110,90,45,90,80,5,'False','\r'),(509,'Purrloin','Dark','',281,41,50,37,50,37,66,5,'False','\r'),(510,'Liepard','Dark','',446,64,88,50,88,50,106,5,'False','\r'),(511,'Pansage','Grass','',316,50,53,48,53,48,64,5,'False','\r'),(512,'Simisage','Grass','',498,75,98,63,98,63,101,5,'False','\r'),(513,'Pansear','Fire','',316,50,53,48,53,48,64,5,'False','\r'),(514,'Simisear','Fire','',498,75,98,63,98,63,101,5,'False','\r'),(515,'Panpour','Water','',316,50,53,48,53,48,64,5,'False','\r'),(516,'Simipour','Water','',498,75,98,63,98,63,101,5,'False','\r'),(517,'Munna','Psychic','',292,76,25,45,67,55,24,5,'False','\r'),(518,'Musharna','Psychic','',487,116,55,85,107,95,29,5,'False','\r'),(519,'Pidove','Normal','Flying',264,50,55,50,36,30,43,5,'False','\r'),(520,'Tranquill','Normal','Flying',358,62,77,62,50,42,65,5,'False','75\r'),(521,'Unfezant','Normal','Flying',488,80,115,80,65,55,93,5,'False','\r'),(522,'Blitzle','Electric','',295,45,60,32,50,32,76,5,'False','39\r'),(523,'Zebstrika','Electric','',497,75,100,63,80,63,116,5,'False','\r'),(524,'Roggenrola','Rock','',280,55,75,85,25,25,15,5,'False','\r'),(525,'Boldore','Rock','',390,70,105,105,50,40,20,5,'False','\r'),(526,'Gigalith','Rock','',515,85,135,130,60,80,25,5,'False','\r'),(527,'Woobat','Psychic','Flying',313,55,45,43,55,43,72,5,'False','\r'),(528,'Swoobat','Psychic','Flying',425,67,57,55,77,55,114,5,'False','\r'),(529,'Drilbur','Ground','',328,60,85,40,30,45,68,5,'False','\r'),(530,'Excadrill','Ground','Steel',508,110,135,60,50,65,88,5,'False','9\r'),(531,'Audino','Normal','',445,103,60,86,60,86,50,5,'False','\r'),(532,'Timburr','Fighting','',305,75,80,55,25,35,35,5,'False','\r'),(533,'Gurdurr','Fighting','',405,85,105,85,40,50,40,5,'False','\r'),(534,'Conkeldurr','Fighting','',505,105,140,95,55,65,45,5,'False','\r'),(535,'Tympole','Water','',294,50,50,40,50,40,64,5,'False','96\r'),(536,'Palpitoad','Water','Ground',384,75,65,55,65,55,69,5,'False','\r'),(537,'Seismitoad','Water','Ground',509,105,95,75,85,75,74,5,'False','\r'),(538,'Throh','Fighting','',465,120,100,85,30,85,45,5,'False','50\r'),(539,'Sawk','Fighting','',465,75,125,75,30,75,85,5,'False','51\r'),(540,'Sewaddle','Bug','Grass',310,45,53,70,40,60,42,5,'False','\r'),(541,'Swadloon','Bug','Grass',380,55,63,90,50,80,42,5,'False','14\r'),(542,'Leavanny','Bug','Grass',500,75,103,80,70,80,92,5,'False','\r'),(543,'Venipede','Bug','Poison',260,30,45,59,30,39,57,5,'False','\r'),(544,'Whirlipede','Bug','Poison',360,40,55,99,40,79,47,5,'False','\r'),(545,'Scolipede','Bug','Poison',485,60,100,89,55,69,112,5,'False','87\r'),(546,'Cottonee','Grass','Fairy',280,40,27,60,37,50,66,5,'False','\r'),(547,'Whimsicott','Grass','Fairy',480,60,67,85,77,75,116,5,'False','83\r'),(548,'Petilil','Grass','',280,45,35,50,70,50,30,5,'False','\r'),(549,'Lilligant','Grass','',480,70,60,75,110,75,90,5,'False','\r'),(550,'Basculin','Water','',460,70,92,65,80,55,98,5,'False','55\r'),(551,'Sandile','Ground','Dark',292,50,72,35,35,35,65,5,'False','24\r'),(552,'Krokorok','Ground','Dark',351,60,82,45,45,45,74,5,'False','\r'),(553,'Krookodile','Ground','Dark',519,95,117,80,65,70,92,5,'False','\r'),(554,'Darumaka','Fire','',315,70,90,45,15,45,50,5,'False','\r'),(555,'DarmanitanStandard Mode','Fire','',480,105,140,55,30,55,95,5,'False','\r'),(556,'Maractus','Grass','',461,75,86,67,106,67,60,5,'False','8\r'),(557,'Dwebble','Bug','Rock',325,50,65,85,35,35,55,5,'False','\r'),(558,'Crustle','Bug','Rock',475,70,95,125,65,75,45,5,'False','\r'),(559,'Scraggy','Dark','Fighting',348,50,75,70,35,70,48,5,'False','\r'),(560,'Scrafty','Dark','Fighting',488,65,90,115,45,115,58,5,'False','\r'),(561,'Sigilyph','Psychic','Flying',490,72,58,80,103,80,97,5,'False','35\r'),(562,'Yamask','Ghost','',303,38,30,85,55,65,30,5,'False','\r'),(563,'Cofagrigus','Ghost','',483,58,50,145,95,105,30,5,'False','70\r'),(564,'Tirtouga','Water','Rock',355,54,78,103,53,45,22,5,'False','\r'),(565,'Carracosta','Water','Rock',495,74,108,133,83,65,32,5,'False','\r'),(566,'Archen','Rock','Flying',401,55,112,45,74,45,70,5,'False','10\r'),(567,'Archeops','Rock','Flying',567,75,140,65,112,65,110,5,'False','\r'),(568,'Trubbish','Poison','',329,50,50,62,40,62,65,5,'False','\r'),(569,'Garbodor','Poison','',474,80,95,82,60,82,75,5,'False','\r'),(570,'Zorua','Dark','',330,40,65,40,80,40,65,5,'False','\r'),(571,'Zoroark','Dark','',510,60,105,60,120,60,105,5,'False','\r'),(572,'Minccino','Normal','',300,55,50,40,40,40,75,5,'False','93\r'),(573,'Cinccino','Normal','',470,75,95,60,65,60,115,5,'False','\r'),(574,'Gothita','Psychic','',290,45,30,50,55,65,45,5,'False','20\r'),(575,'Gothorita','Psychic','',390,60,45,70,75,85,55,5,'False','\r'),(576,'Gothitelle','Psychic','',490,70,55,95,95,110,65,5,'False','\r'),(577,'Solosis','Psychic','',290,45,30,40,105,50,20,5,'False','\r'),(578,'Duosion','Psychic','',370,65,40,50,125,60,30,5,'False','\r'),(579,'Reuniclus','Psychic','',490,110,65,75,125,85,30,5,'False','\r'),(580,'Ducklett','Water','Flying',305,62,44,50,44,50,55,5,'False','\r'),(581,'Swanna','Water','Flying',473,75,87,63,87,63,98,5,'False','74\r'),(582,'Vanillite','Ice','',305,36,50,50,65,60,44,5,'False','\r'),(583,'Vanillish','Ice','',395,51,65,65,80,75,59,5,'False','\r'),(584,'Vanilluxe','Ice','',535,71,95,85,110,95,79,5,'False','14\r'),(585,'Deerling','Normal','Grass',335,60,60,50,40,50,75,5,'False','\r'),(586,'Sawsbuck','Normal','Grass',475,80,100,70,60,70,95,5,'False','88\r'),(587,'Emolga','Electric','Flying',428,55,75,60,75,60,103,5,'False','33\r'),(588,'Karrablast','Bug','',315,50,75,45,40,45,60,5,'False','\r'),(589,'Escavalier','Bug','Steel',495,70,135,105,60,105,20,5,'False','17\r'),(590,'Foongus','Grass','Poison',294,69,55,45,55,55,15,5,'False','\r'),(591,'Amoonguss','Grass','Poison',464,114,85,70,85,80,30,5,'False','\r'),(592,'Frillish','Water','Ghost',335,55,40,50,65,85,40,5,'False','\r'),(593,'Jellicent','Water','Ghost',480,100,60,70,85,105,60,5,'False','48\r'),(594,'Alomomola','Water','',470,165,75,80,40,45,65,5,'False','\r'),(595,'Joltik','Bug','Electric',319,50,47,50,57,50,65,5,'False','65\r'),(596,'Galvantula','Bug','Electric',472,70,77,60,97,60,108,5,'False','\r'),(597,'Ferroseed','Grass','Steel',305,44,50,91,24,86,10,5,'False','\r'),(598,'Ferrothorn','Grass','Steel',489,74,94,131,54,116,20,5,'False','\r'),(599,'Klink','Steel','',300,40,55,70,45,60,30,5,'False','\r'),(600,'Klang','Steel','',440,60,80,95,70,85,50,5,'False','\r'),(601,'Klinklang','Steel','',520,60,100,115,70,85,90,5,'False','\r'),(602,'Tynamo','Electric','',275,35,55,40,45,40,60,5,'False','\r'),(603,'Eelektrik','Electric','',405,65,85,70,75,70,40,5,'False','25\r'),(604,'Eelektross','Electric','',515,85,115,80,105,80,50,5,'False','\r'),(605,'Elgyem','Psychic','',335,55,55,55,85,55,30,5,'False','\r'),(606,'Beheeyem','Psychic','',485,75,75,75,125,95,40,5,'False','\r'),(607,'Litwick','Ghost','Fire',275,50,30,55,65,55,20,5,'False','\r'),(608,'Lampent','Ghost','Fire',370,60,40,60,95,60,55,5,'False','\r'),(609,'Chandelure','Ghost','Fire',520,60,55,90,145,90,80,5,'False','\r'),(610,'Axew','Dragon','',320,46,87,60,30,40,57,5,'False','39\r'),(611,'Fraxure','Dragon','',410,66,117,70,40,50,67,5,'False','10\r'),(612,'Haxorus','Dragon','',540,76,147,90,60,70,97,5,'False','\r'),(613,'Cubchoo','Ice','',305,55,70,40,60,40,40,5,'False','\r'),(614,'Beartic','Ice','',485,95,110,80,70,80,50,5,'False','\r'),(615,'Cryogonal','Ice','',485,70,50,30,95,135,105,5,'False','\r'),(616,'Shelmet','Bug','',305,50,40,85,40,65,25,5,'False','\r'),(617,'Accelgor','Bug','',495,80,70,40,100,60,145,5,'False','\r'),(618,'Stunfisk','Ground','Electric',471,109,66,84,81,99,32,5,'False','\r'),(619,'Mienfoo','Fighting','',350,45,85,50,55,50,65,5,'False','\r'),(620,'Mienshao','Fighting','',510,65,125,60,95,60,105,5,'False','\r'),(621,'Druddigon','Dragon','',485,77,120,90,60,90,48,5,'False','\r'),(622,'Golett','Ground','Ghost',303,59,74,50,35,50,35,5,'False','\r'),(623,'Golurk','Ground','Ghost',483,89,124,80,55,80,55,5,'False','\r'),(624,'Pawniard','Dark','Steel',340,45,85,70,40,40,60,5,'False','\r'),(625,'Bisharp','Dark','Steel',490,65,125,100,60,70,70,5,'False','\r'),(626,'Bouffalant','Normal','',490,95,110,95,40,95,55,5,'False','\r'),(627,'Rufflet','Normal','Flying',350,70,83,50,37,50,60,5,'False','97\r'),(628,'Braviary','Normal','Flying',510,100,123,75,57,75,80,5,'False','\r'),(629,'Vullaby','Dark','Flying',370,70,55,75,45,65,60,5,'False','\r'),(630,'Mandibuzz','Dark','Flying',510,110,65,105,55,95,80,5,'False','\r'),(631,'Heatmor','Fire','',484,85,97,66,105,66,65,5,'False','23\r'),(632,'Durant','Bug','Steel',484,58,109,112,48,48,109,5,'False','\r'),(633,'Deino','Dark','Dragon',300,52,65,50,45,50,38,5,'False','\r'),(634,'Zweilous','Dark','Dragon',420,72,85,70,65,70,58,5,'False','56\r'),(635,'Hydreigon','Dark','Dragon',600,92,105,90,125,90,98,5,'False','\r'),(636,'Larvesta','Bug','Fire',360,55,85,55,50,55,60,5,'False','\r'),(637,'Volcarona','Bug','Fire',550,85,60,65,135,105,100,5,'False','\r'),(638,'Cobalion','Steel','Fighting',580,91,90,129,90,72,108,5,'True','\r'),(639,'Terrakion','Rock','Fighting',580,91,129,90,72,90,108,5,'True','\r'),(640,'Virizion','Grass','Fighting',580,91,90,72,90,129,108,5,'True','\r'),(641,'TornadusIncarnate Forme','Flying','',580,79,115,70,125,80,111,5,'True','\r'),(642,'ThundurusIncarnate Forme','Electric','Flying',580,79,115,70,125,80,111,5,'True','\r'),(643,'Reshiram','Dragon','Fire',680,100,120,100,150,120,90,5,'True','\r'),(644,'Zekrom','Dragon','Electric',680,100,150,120,120,100,90,5,'True','\r'),(645,'LandorusIncarnate Forme','Ground','Flying',600,89,125,90,115,80,101,5,'True','\r'),(646,'Kyurem','Dragon','Ice',660,125,130,90,130,90,95,5,'True','\r'),(647,'KeldeoOrdinary Forme','Water','Fighting',580,91,72,90,129,90,108,5,'False','\r'),(648,'MeloettaAria Forme','Normal','Psychic',600,100,77,77,128,128,90,5,'False','\r'),(649,'Genesect','Bug','Steel',600,71,120,95,120,95,99,5,'False','\r'),(650,'Chespin','Grass','',313,56,61,65,48,45,38,6,'False','\r'),(651,'Quilladin','Grass','',405,61,78,95,56,58,57,6,'False','\r'),(652,'Chesnaught','Grass','Fighting',530,88,107,122,74,75,64,6,'False','\r'),(653,'Fennekin','Fire','',307,40,45,40,62,60,60,6,'False','\r'),(654,'Braixen','Fire','',409,59,59,58,90,70,73,6,'False','\r'),(655,'Delphox','Fire','Psychic',534,75,69,72,114,100,104,6,'False','\r'),(656,'Froakie','Water','',314,41,56,40,62,44,71,6,'False','\r'),(657,'Frogadier','Water','',405,54,63,52,83,56,97,6,'False','\r'),(658,'Greninja','Water','Dark',530,72,95,67,103,71,122,6,'False','\r'),(659,'Bunnelby','Normal','',237,38,36,38,32,36,57,6,'False','\r'),(660,'Diggersby','Normal','Ground',423,85,56,77,50,77,78,6,'False','\r'),(661,'Fletchling','Normal','Flying',278,45,50,43,40,38,62,6,'False','\r'),(662,'Fletchinder','Fire','Flying',382,62,73,55,56,52,84,6,'False','\r'),(663,'Talonflame','Fire','Flying',499,78,81,71,74,69,126,6,'False','\r'),(664,'Scatterbug','Bug','',200,38,35,40,27,25,35,6,'False','\r'),(665,'Spewpa','Bug','',213,45,22,60,27,30,29,6,'False','\r'),(666,'Vivillon','Bug','Flying',411,80,52,50,90,50,89,6,'False','\r'),(667,'Litleo','Fire','Normal',369,62,50,58,73,54,72,6,'False','\r'),(668,'Pyroar','Fire','Normal',507,86,68,72,109,66,106,6,'False','\r'),(669,'Flabébé','Fairy','',303,44,38,39,61,79,42,6,'False','\r'),(670,'Floette','Fairy','',371,54,45,47,75,98,52,6,'False','\r'),(671,'Florges','Fairy','',552,78,65,68,112,154,75,6,'False','\r'),(672,'Skiddo','Grass','',350,66,65,48,62,57,52,6,'False','\r'),(673,'Gogoat','Grass','',531,123,100,62,97,81,68,6,'False','\r'),(674,'Pancham','Fighting','',348,67,82,62,46,48,43,6,'False','\r'),(675,'Pangoro','Fighting','Dark',495,95,124,78,69,71,58,6,'False','\r'),(676,'Furfrou','Normal','',472,75,80,60,65,90,102,6,'False','\r'),(677,'Espurr','Psychic','',355,62,48,54,63,60,68,6,'False','\r'),(678,'MeowsticMale','Psychic','',466,74,48,76,83,81,104,6,'False','\r'),(679,'Honedge','Steel','Ghost',325,45,80,100,35,37,28,6,'False','\r'),(680,'Doublade','Steel','Ghost',448,59,110,150,45,49,35,6,'False','\r'),(681,'AegislashBlade Forme','Steel','Ghost',520,60,150,50,150,50,60,6,'False','\r'),(682,'Spritzee','Fairy','',341,78,52,60,63,65,23,6,'False','\r'),(683,'Aromatisse','Fairy','',462,101,72,72,99,89,29,6,'False','\r'),(684,'Swirlix','Fairy','',341,62,48,66,59,57,49,6,'False','\r'),(685,'Slurpuff','Fairy','',480,82,80,86,85,75,72,6,'False','\r'),(686,'Inkay','Dark','Psychic',288,53,54,53,37,46,45,6,'False','\r'),(687,'Malamar','Dark','Psychic',482,86,92,88,68,75,73,6,'False','\r'),(688,'Binacle','Rock','Water',306,42,52,67,39,56,50,6,'False','\r'),(689,'Barbaracle','Rock','Water',500,72,105,115,54,86,68,6,'False','\r'),(690,'Skrelp','Poison','Water',320,50,60,60,60,60,30,6,'False','\r'),(691,'Dragalge','Poison','Dragon',494,65,75,90,97,123,44,6,'False','\r'),(692,'Clauncher','Water','',330,50,53,62,58,63,44,6,'False','\r'),(693,'Clawitzer','Water','',500,71,73,88,120,89,59,6,'False','\r'),(694,'Helioptile','Electric','Normal',289,44,38,33,61,43,70,6,'False','\r'),(695,'Heliolisk','Electric','Normal',481,62,55,52,109,94,109,6,'False','\r'),(696,'Tyrunt','Rock','Dragon',362,58,89,77,45,45,48,6,'False','\r'),(697,'Tyrantrum','Rock','Dragon',521,82,121,119,69,59,71,6,'False','\r'),(698,'Amaura','Rock','Ice',362,77,59,50,67,63,46,6,'False','\r'),(699,'Aurorus','Rock','Ice',521,123,77,72,99,92,58,6,'False','\r'),(700,'Sylveon','Fairy','',525,95,65,65,110,130,60,6,'False','\r'),(701,'Hawlucha','Fighting','Flying',500,78,92,75,74,63,118,6,'False','\r'),(702,'Dedenne','Electric','Fairy',431,67,58,57,81,67,101,6,'False','\r'),(703,'Carbink','Rock','Fairy',500,50,50,150,50,150,50,6,'False','\r'),(704,'Goomy','Dragon','',300,45,50,35,55,75,40,6,'False','\r'),(705,'Sliggoo','Dragon','',452,68,75,53,83,113,60,6,'False','\r'),(706,'Goodra','Dragon','',600,90,100,70,110,150,80,6,'False','\r'),(707,'Klefki','Steel','Fairy',470,57,80,91,80,87,75,6,'False','\r'),(708,'Phantump','Ghost','Grass',309,43,70,48,50,60,38,6,'False','\r'),(709,'Trevenant','Ghost','Grass',474,85,110,76,65,82,56,6,'False','\r'),(710,'PumpkabooAverage Size','Ghost','Grass',335,49,66,70,44,55,51,6,'False','\r'),(711,'GourgeistAverage Size','Ghost','Grass',494,65,90,122,58,75,84,6,'False','\r'),(712,'Bergmite','Ice','',304,55,69,85,32,35,28,6,'False','\r'),(713,'Avalugg','Ice','',514,95,117,184,44,46,28,6,'False','\r'),(714,'Noibat','Flying','Dragon',245,40,30,35,45,40,55,6,'False','\r'),(715,'Noivern','Flying','Dragon',535,85,70,80,97,80,123,6,'False','\r'),(716,'Xerneas','Fairy','',680,126,131,95,131,98,99,6,'True','\r'),(717,'Yveltal','Dark','Flying',680,126,131,95,131,98,99,6,'True','\r'),(718,'Zygarde50% Forme','Dragon','Ground',600,108,100,121,81,95,95,6,'True','\r'),(719,'Diancie','Rock','Fairy',600,50,100,150,100,150,50,6,'True','\r'),(720,'HoopaHoopa Confined','Psychic','Ghost',600,80,110,60,150,130,70,6,'True','\r'),(721,'Volcanion','Fire','Water',600,80,110,120,130,90,70,6,'True','1');
/*!40000 ALTER TABLE `pokemon` ENABLE KEYS */;
UNLOCK TABLES;

--
-- Table structure for table `pokemon_team`
--

DROP TABLE IF EXISTS `pokemon_team`;
/*!40101 SET @saved_cs_client     = @@character_set_client */;
/*!50503 SET character_set_client = utf8mb4 */;
CREATE TABLE `pokemon_team` (
  `number` int NOT NULL,
  `team_name` varchar(255) NOT NULL,
  PRIMARY KEY (`number`,`team_name`)
) ENGINE=InnoDB DEFAULT CHARSET=utf8mb3;
/*!40101 SET character_set_client = @saved_cs_client */;

--
-- Dumping data for table `pokemon_team`
--

LOCK TABLES `pokemon_team` WRITE;
/*!40000 ALTER TABLE `pokemon_team` DISABLE KEYS */;
INSERT INTO `pokemon_team` VALUES (0,'Emily Beaver team\r'),(0,'team_name\r'),(1,'Susan Karl team\r'),(2,'Jack Brett team\r'),(3,'Ken Beaver team\r'),(4,'Brian Brett team\r'),(5,'John Johnson team\r'),(6,'Ken Phillips team\r'),(7,'Susan Johnson team\r'),(8,'Sally Phillips team\r'),(9,'Sally Beaver team\r'),(10,'Sally Smith team\r'),(11,'Sally Beaver team\r'),(12,'Jack Phillips team\r'),(13,'Brian Phillips team\r'),(14,'Ken Johnson team\r'),(15,'Ken Smith team\r'),(16,'Ken Smith team\r'),(17,'Brian Johnson team\r'),(18,'Brian Brett team\r'),(19,'Jack Johnson team\r'),(20,'Susan Smith team\r'),(21,'Jack Smith team\r'),(22,'John Brett team\r'),(23,'Sally Karl team\r'),(24,'Alex Smith team\r'),(25,'Alex Johnson team\r'),(26,'Emily Phillips team\r'),(27,'Ken Phillips team\r'),(28,'Ken Brett team\r'),(29,'Emily Phillips team\r'),(30,'Brian Smith team\r'),(31,'Emily Phillips team\r'),(32,'Alex Beaver team\r'),(33,'Sally Beaver team\r'),(34,'Alex Johnson team\r'),(35,'John Phillips team\r'),(36,'Brian Karl team\r'),(37,'Jack Johnson team\r'),(38,'Ken Johnson team\r'),(39,'Brian Phillips team\r'),(40,'Susan Phillips team\r'),(41,'Brian Beaver team\r'),(42,'Sally Karl team\r'),(43,'John Karl team\r'),(44,'Alex Karl team\r'),(45,'Alex Brett team\r'),(46,'Emily Johnson team\r'),(47,'Jack Beaver team\r'),(48,'Ken Phillips team\r'),(49,'Jack Johnson team\r'),(50,'Jack Beaver team\r'),(51,'Brian Beaver team\r'),(52,'Alex Beaver team\r'),(53,'Susan Phillips team\r'),(54,'John Smith team\r'),(55,'Emily Karl team\r'),(56,'Alex Brett team\r'),(57,'Susan Beaver team\r'),(58,'Ken Johnson team\r'),(59,'Sally Phillips team\r'),(60,'Jack Smith team\r'),(61,'Ken Smith team\r'),(62,'John Brett team\r'),(63,'Emily Beaver team\r'),(64,'Sally Brett team\r'),(65,'Sally Karl team\r'),(66,'Alex Smith team\r'),(67,'Alex Beaver team\r'),(68,'John Brett team\r'),(69,'Alex Johnson team\r'),(70,'Ken Smith team\r'),(71,'Susan Brett team\r'),(72,'Sally Phillips team\r'),(73,'Ken Smith team\r'),(74,'Sally Johnson team\r'),(75,'Emily Brett team\r'),(76,'Emily Johnson team\r'),(77,'Susan Beaver team\r'),(78,'Jack Karl team\r'),(79,'Ken Smith team\r'),(80,'Brian Johnson team\r'),(81,'John Brett team\r'),(82,'Susan Karl team\r'),(83,'Ken Beaver team\r'),(84,'Jack Johnson team\r'),(85,'Alex Smith team\r'),(86,'Emily Phillips team\r'),(87,'Jack Smith team\r'),(88,'Sally Phillips team\r'),(89,'John Beaver team\r'),(90,'Brian Karl team\r'),(91,'Alex Phillips team\r'),(92,'Alex Smith team\r'),(93,'Jack Beaver team\r'),(94,'Brian Karl team\r'),(95,'Susan Smith team\r'),(96,'Sally Phillips team\r'),(97,'Susan Johnson team\r'),(98,'Jack Johnson team\r'),(99,'Brian Smith team\r');
/*!40000 ALTER TABLE `pokemon_team` ENABLE KEYS */;
UNLOCK TABLES;

--
-- Temporary view structure for view `pokemoneTrainer`
--

DROP TABLE IF EXISTS `pokemoneTrainer`;
/*!50001 DROP VIEW IF EXISTS `pokemoneTrainer`*/;
SET @saved_cs_client     = @@character_set_client;
/*!50503 SET character_set_client = utf8mb4 */;
/*!50001 CREATE VIEW `pokemoneTrainer` AS SELECT 
 1 AS `trainerID`,
 1 AS `name`,
 1 AS `friendGroup`*/;
SET character_set_client = @saved_cs_client;

--
-- Table structure for table `region`
--

DROP TABLE IF EXISTS `region`;
/*!40101 SET @saved_cs_client     = @@character_set_client */;
/*!50503 SET character_set_client = utf8mb4 */;
CREATE TABLE `region` (
  `regionID` int NOT NULL AUTO_INCREMENT,
  `name` varchar(255) DEFAULT NULL,
  PRIMARY KEY (`regionID`)
) ENGINE=InnoDB AUTO_INCREMENT=5 DEFAULT CHARSET=utf8mb3;
/*!40101 SET character_set_client = @saved_cs_client */;

--
-- Dumping data for table `region`
--

LOCK TABLES `region` WRITE;
/*!40000 ALTER TABLE `region` DISABLE KEYS */;
INSERT INTO `region` VALUES (1,'North'),(2,'South'),(3,'East'),(4,'West');
/*!40000 ALTER TABLE `region` ENABLE KEYS */;
UNLOCK TABLES;

--
-- Table structure for table `trainer`
--

DROP TABLE IF EXISTS `trainer`;
/*!40101 SET @saved_cs_client     = @@character_set_client */;
/*!50503 SET character_set_client = utf8mb4 */;
CREATE TABLE `trainer` (
  `trainerID` int NOT NULL AUTO_INCREMENT,
  `name` varchar(255) DEFAULT NULL,
  `friendGroup` varchar(255) DEFAULT NULL,
  PRIMARY KEY (`trainerID`)
) ENGINE=InnoDB AUTO_INCREMENT=100 DEFAULT CHARSET=utf8mb3;
/*!40101 SET character_set_client = @saved_cs_client */;

--
-- Dumping data for table `trainer`
--

LOCK TABLES `trainer` WRITE;
/*!40000 ALTER TABLE `trainer` DISABLE KEYS */;
INSERT INTO `trainer` VALUES (1,'name','friendGroup\r'),(2,'Emily Beaver','Battlers\r'),(3,'Ken Beaver','Hokies\r'),(4,'Brian Brett','Hoos\r'),(5,'John Johnson','Hoos\r'),(6,'Ken Phillips','Battlers\r'),(7,'Susan Johnson','Battlers\r'),(8,'Sally Phillips','Battlers\r'),(9,'Sally Beaver','Battlers\r'),(10,'Sally Smith','Brawlers\r'),(11,'Sally Beaver','Battlers\r'),(12,'Jack Phillips','Hokies\r'),(13,'Brian Phillips','Hokies\r'),(14,'Ken Johnson','GreenMachines\r'),(15,'Ken Smith','Brawlers\r'),(16,'Ken Smith','GreenMachines\r'),(17,'Brian Johnson','Hokies\r'),(18,'Brian Brett','Hokies\r'),(19,'Jack Johnson','Hokies\r'),(20,'Susan Smith','Battlers\r'),(21,'Jack Smith','Battlers\r'),(22,'John Brett','Hoos\r'),(23,'Sally Karl','Hoos\r'),(24,'Alex Smith','GreenMachines\r'),(25,'Alex Johnson','Hoos\r'),(26,'Emily Phillips','GreenMachines\r'),(27,'Ken Phillips','Battlers\r'),(28,'Ken Brett','GreenMachines\r'),(29,'Emily Phillips','Battlers\r'),(30,'Brian Smith','Hoos\r'),(31,'Emily Phillips','Battlers\r'),(32,'Alex Beaver','Hokies\r'),(33,'Sally Beaver','Battlers\r'),(34,'Alex Johnson','Hoos\r'),(35,'John Phillips','Battlers\r'),(36,'Brian Karl','GreenMachines\r'),(37,'Jack Johnson','GreenMachines\r'),(38,'Ken Johnson','Brawlers\r'),(39,'Brian Phillips','GreenMachines\r'),(40,'Susan Phillips','Hoos\r'),(41,'Brian Beaver','Hokies\r'),(42,'Sally Karl','GreenMachines\r'),(43,'John Karl','Brawlers\r'),(44,'Alex Karl','Battlers\r'),(45,'Alex Brett','Battlers\r'),(46,'Emily Johnson','Battlers\r'),(47,'Jack Beaver','Battlers\r'),(48,'Ken Phillips','Brawlers\r'),(49,'Jack Johnson','Brawlers\r'),(50,'Jack Beaver','Hokies\r'),(51,'Brian Beaver','Battlers\r'),(52,'Alex Beaver','Brawlers\r'),(53,'Susan Phillips','Brawlers\r'),(54,'John Smith','Hokies\r'),(55,'Emily Karl','Hokies\r'),(56,'Alex Brett','Hoos\r'),(57,'Susan Beaver','Brawlers\r'),(58,'Ken Johnson','Hokies\r'),(59,'Sally Phillips','Hoos\r'),(60,'Jack Smith','Brawlers\r'),(61,'Ken Smith','Brawlers\r'),(62,'John Brett','Battlers\r'),(63,'Emily Beaver','Hoos\r'),(64,'Sally Brett','Hokies\r'),(65,'Sally Karl','Hoos\r'),(66,'Alex Smith','GreenMachines\r'),(67,'Alex Beaver','Hokies\r'),(68,'John Brett','Hoos\r'),(69,'Alex Johnson','Battlers\r'),(70,'Ken Smith','Hoos\r'),(71,'Susan Brett','GreenMachines\r'),(72,'Sally Phillips','Battlers\r'),(73,'Ken Smith','Hoos\r'),(74,'Sally Johnson','Hokies\r'),(75,'Emily Brett','GreenMachines\r'),(76,'Emily Johnson','Battlers\r'),(77,'Susan Beaver','Hoos\r'),(78,'Jack Karl','Battlers\r'),(79,'Ken Smith','Battlers\r'),(80,'Brian Johnson','Brawlers\r'),(81,'John Brett','Brawlers\r'),(82,'Susan Karl','GreenMachines\r'),(83,'Ken Beaver','GreenMachines\r'),(84,'Jack Johnson','Hokies\r'),(85,'Alex Smith','GreenMachines\r'),(86,'Emily Phillips','Battlers\r'),(87,'Jack Smith','Hoos\r'),(88,'Sally Phillips','GreenMachines\r'),(89,'John Beaver','Hoos\r'),(90,'Brian Karl','GreenMachines\r'),(91,'Alex Phillips','Hoos\r'),(92,'Alex Smith','Hoos\r'),(93,'Jack Beaver','Brawlers\r'),(94,'Brian Karl','Battlers\r'),(95,'Susan Smith','Hokies\r'),(96,'Sally Phillips','Battlers\r'),(97,'Susan Johnson','GreenMachines\r'),(98,'Jack Johnson','Battlers\r'),(99,'Brian Smith','Battlers\r');
/*!40000 ALTER TABLE `trainer` ENABLE KEYS */;
UNLOCK TABLES;

--
-- Table structure for table `trainerFriendGroup`
--

DROP TABLE IF EXISTS `trainerFriendGroup`;
/*!40101 SET @saved_cs_client     = @@character_set_client */;
/*!50503 SET character_set_client = utf8mb4 */;
CREATE TABLE `trainerFriendGroup` (
  `trainerID` int NOT NULL,
  `group_name` varchar(255) NOT NULL,
  PRIMARY KEY (`trainerID`,`group_name`)
) ENGINE=InnoDB DEFAULT CHARSET=utf8mb3;
/*!40101 SET character_set_client = @saved_cs_client */;

--
-- Dumping data for table `trainerFriendGroup`
--

LOCK TABLES `trainerFriendGroup` WRITE;
/*!40000 ALTER TABLE `trainerFriendGroup` DISABLE KEYS */;
INSERT INTO `trainerFriendGroup` VALUES (0,'Battlers\r'),(0,'group_name\r'),(1,'Hokies\r'),(2,'NONE'),(3,'Hokies\r'),(4,'Hoos\r'),(5,'Hoos\r'),(6,'Battlers\r'),(7,'Battlers\r'),(8,'Battlers\r'),(9,'Battlers\r'),(10,'Brawlers\r'),(11,'Battlers\r'),(12,'Hokies\r'),(13,'Hokies\r'),(14,'GreenMachines\r'),(15,'Brawlers\r'),(16,'GreenMachines\r'),(17,'Hokies\r'),(18,'Hokies\r'),(19,'Hokies\r'),(20,'Battlers\r'),(21,'Battlers\r'),(22,'Hoos\r'),(23,'Hoos\r'),(24,'GreenMachines\r'),(25,'Hoos\r'),(26,'GreenMachines\r'),(27,'Battlers\r'),(28,'GreenMachines\r'),(29,'Battlers\r'),(30,'Hoos\r'),(31,'Battlers\r'),(32,'Hokies\r'),(33,'Battlers\r'),(34,'Hoos\r'),(35,'Battlers\r'),(36,'GreenMachines\r'),(37,'GreenMachines\r'),(38,'Brawlers\r'),(39,'GreenMachines\r'),(40,'Hoos\r'),(41,'Hokies\r'),(42,'GreenMachines\r'),(43,'Brawlers\r'),(44,'Battlers\r'),(45,'Battlers\r'),(46,'Battlers\r'),(47,'Battlers\r'),(48,'Brawlers\r'),(49,'Brawlers\r'),(50,'Hokies\r'),(51,'Battlers\r'),(52,'Brawlers\r'),(53,'Brawlers\r'),(54,'Hokies\r'),(55,'Hokies\r'),(56,'Hoos\r'),(57,'Brawlers\r'),(58,'Hokies\r'),(59,'Hoos\r'),(60,'Brawlers\r'),(61,'Brawlers\r'),(62,'Battlers\r'),(63,'NONE'),(64,'Hokies\r'),(65,'Hoos\r'),(66,'GreenMachines\r'),(67,'Hokies\r'),(68,'Hoos\r'),(69,'Battlers\r'),(70,'Hoos\r'),(71,'GreenMachines\r'),(72,'Battlers\r'),(73,'Hoos\r'),(74,'Hokies\r'),(75,'GreenMachines\r'),(76,'Battlers\r'),(77,'Hoos\r'),(78,'Battlers\r'),(79,'Battlers\r'),(80,'Brawlers\r'),(81,'Brawlers\r'),(82,'GreenMachines\r'),(83,'GreenMachines\r'),(84,'Hokies\r'),(85,'GreenMachines\r'),(86,'Battlers\r'),(87,'Hoos\r'),(88,'GreenMachines\r'),(89,'Hoos\r'),(90,'GreenMachines\r'),(91,'Hoos\r'),(92,'Hoos\r'),(93,'Brawlers\r'),(94,'Battlers\r'),(95,'Hokies\r'),(96,'Battlers\r'),(97,'GreenMachines\r'),(98,'Battlers\r'),(99,'Brawlers');
/*!40000 ALTER TABLE `trainerFriendGroup` ENABLE KEYS */;
UNLOCK TABLES;

--
-- Table structure for table `users`
--

DROP TABLE IF EXISTS `users`;
/*!40101 SET @saved_cs_client     = @@character_set_client */;
/*!50503 SET character_set_client = utf8mb4 */;
CREATE TABLE `users` (
  `id` int unsigned NOT NULL AUTO_INCREMENT,
  `username` varchar(50) NOT NULL,
  `email` varchar(100) NOT NULL,
  `password` varchar(255) NOT NULL,
  `created_at` timestamp NULL DEFAULT CURRENT_TIMESTAMP,
  PRIMARY KEY (`id`)
) ENGINE=InnoDB AUTO_INCREMENT=3 DEFAULT CHARSET=utf8mb3;
/*!40101 SET character_set_client = @saved_cs_client */;

--
-- Dumping data for table `users`
--

LOCK TABLES `users` WRITE;
/*!40000 ALTER TABLE `users` DISABLE KEYS */;
INSERT INTO `users` VALUES (1,'reggie','reggie@gmail.com','reggie','2023-04-29 17:29:39'),(2,'reggie','reggie@gmail.com','reggie','2023-04-29 17:36:01');
/*!40000 ALTER TABLE `users` ENABLE KEYS */;
UNLOCK TABLES;

--
-- Current Database: `Pokemon`
--

USE `Pokemon`;

--
-- Final view structure for view `pokemoneTrainer`
--

/*!50001 DROP VIEW IF EXISTS `pokemoneTrainer`*/;
/*!50001 SET @saved_cs_client          = @@character_set_client */;
/*!50001 SET @saved_cs_results         = @@character_set_results */;
/*!50001 SET @saved_col_connection     = @@collation_connection */;
/*!50001 SET character_set_client      = utf8mb4 */;
/*!50001 SET character_set_results     = utf8mb4 */;
/*!50001 SET collation_connection      = utf8mb4_0900_ai_ci */;
/*!50001 CREATE ALGORITHM=UNDEFINED */
/*!50013 DEFINER=`root`@`%` SQL SECURITY DEFINER */
/*!50001 VIEW `pokemoneTrainer` AS select `trainer`.`trainerID` AS `trainerID`,`trainer`.`name` AS `name`,`trainer`.`friendGroup` AS `friendGroup` from `trainer` */;
/*!50001 SET character_set_client      = @saved_cs_client */;
/*!50001 SET character_set_results     = @saved_cs_results */;
/*!50001 SET collation_connection      = @saved_col_connection */;
/*!40103 SET TIME_ZONE=@OLD_TIME_ZONE */;

/*!40101 SET SQL_MODE=@OLD_SQL_MODE */;
/*!40014 SET FOREIGN_KEY_CHECKS=@OLD_FOREIGN_KEY_CHECKS */;
/*!40014 SET UNIQUE_CHECKS=@OLD_UNIQUE_CHECKS */;
/*!40101 SET CHARACTER_SET_CLIENT=@OLD_CHARACTER_SET_CLIENT */;
/*!40101 SET CHARACTER_SET_RESULTS=@OLD_CHARACTER_SET_RESULTS */;
/*!40101 SET COLLATION_CONNECTION=@OLD_COLLATION_CONNECTION */;
/*!40111 SET SQL_NOTES=@OLD_SQL_NOTES */;

-- Dump completed on 2023-04-30 20:44:04
